<?xml version="1.0" encoding="utf-8"?>
<!DOCTYPE install SYSTEM "http://dev.joomla.org/xml/1.5/component-install.dtd">
<install type="component" version="1.5.0">
	<name>CK Forms</name>
	<!-- The following elements are optional and free of formatting conttraints -->
	<creationDate>2010 07 22</creationDate>
	<author>Cookex Developpment Team</author>
	<authorEmail>info@cookex.eu</authorEmail>
	<authorUrl>http://www.cookex.eu</authorUrl>
	<copyright>Copyright Info</copyright>
	<license>http://www.gnu.org/licenses/gpl-2.0.html GNU/GPL</license>
	<!--  The version string is recorded in the components table -->
	<version>1.3.5</version>
	<!-- The description is optional and defaults to the name -->
	<description>CK Forms is a forms generator without any programmation. With data saved in database</description>

	<!-- Site Main File Copy Section -->
	<files folder="site">
		<filename>index.html</filename>
		<filename>ckforms.php</filename>
		<filename>controller.php</filename>
		<filename>captcha/index.html</filename>
		<filename>captcha/elephant.ttf</filename>
		<filename>captcha/securimage.php</filename>
		<filename>captcha/images/audio_icon.gif</filename>
		<filename>captcha/images/refresh.gif</filename>
		<filename>captcha/words/words.txt</filename>
		<filename>css/ckforms.css</filename>
		<filename>css/calendar.css</filename>
		<filename>css/images/calendar-hilite.gif</filename>
		<filename>css/images/calendar-prev.gif</filename>
		<filename>css/images/calendar-next.gif</filename>
		<filename>css/images/calendar-td.gif</filename>
		<filename>css/images/calendar-valid.gif</filename>
		<filename>css/images/calendar.png</filename>
		<filename>css/images/calendar-icon.gif</filename>
		<filename>css/index.html</filename>
		<filename>img/info.png</filename>
		<filename>img/info-bck.png</filename>
		<filename>img/calendar.gif</filename>
		<filename>js/index.html</filename>
		<filename>js/formcheck.js</filename>
		<filename>js/calendar.js</filename>
		<filename>js/theme/classic/formcheck.css</filename>
		<filename>js/theme/classic/img/ajax-loader.gif</filename>
		<filename>js/theme/classic/img/b.png</filename>
		<filename>js/theme/classic/img/bl.png</filename>
		<filename>js/theme/classic/img/br.png</filename>
		<filename>js/theme/classic/img/c.png</filename>
		<filename>js/theme/classic/img/close.png</filename>
		<filename>js/theme/classic/img/l.png</filename>
		<filename>js/theme/classic/img/r.png</filename>
		<filename>js/theme/classic/img/t.png</filename>
		<filename>js/theme/classic/img/tl.png</filename>
		<filename>js/theme/classic/img/tr.png</filename>
		<filename>models/ckforms.php</filename>
		<filename>models/ckformsdata.php</filename>
		<filename>views/index.html</filename>
		<filename>views/ckforms/index.html</filename>
		<filename>views/ckforms/view.html.php</filename>
		<filename>views/ckforms/tmpl/index.html</filename>
		<filename>views/ckforms/tmpl/default.php</filename>
		<filename>views/ckforms/tmpl/default.xml</filename>
		<filename>views/ckforms/tmpl/message.php</filename>
		<filename>views/ckforms/tmpl/message.xml</filename>
		<filename>views/ckformsdata/index.html</filename>
		<filename>views/ckformsdata/view.html.php</filename>
		<filename>views/ckformsdata/tmpl/index.html</filename>
		<filename>views/ckformsdata/tmpl/data.php</filename>
		<filename>views/ckformsdata/tmpl/data.xml</filename>
		<filename>views/ckformsdata/tmpl/detail.php</filename>
		<filename>views/ckformsdata/tmpl/detail.xml</filename>
		<filename>controllers/index.html</filename>
		<filename>controllers/ckdata.php</filename>
	</files>
	
	<install>
		<sql>
			<file charset="utf8" driver="mysql">install.utf8.sql</file>
			<file driver="mysql">install.sql</file>
		</sql>
	</install>
	<uninstall>
		<sql>
			<file charset="utf8" driver="mysql">uninstall.utf8.sql</file>
			<file driver="mysql">uninstall.sql</file>
		</sql>
	</uninstall>
	
	<installfile>install.ckforms.php</installfile>
	<uninstallfile>uninstall.ckforms.php</uninstallfile>
	
	<administration>
		<!-- Administration Menu Section -->
		<menu>CK Forms</menu>
		
		<!-- Administration Main File Copy Section -->
		<!-- Note the folder attribute: This attribute describes the folder
			to copy FROM in the package to install therefore files copied
			in this section are copied from /admin/ in the package -->
		<files folder="admin">
		<!-- Site Main File Copy Section -->
			<filename>index.html</filename>
			<filename>admin.ckforms.php</filename>
			<filename>install.utf8.sql</filename>
			<filename>install.sql</filename>
			<filename>uninstall.utf8.sql</filename>
			<filename>uninstall.sql</filename>
			<filename>controller.php</filename>
			<filename>controllers/index.html</filename>
			<filename>controllers/ckforms.php</filename>
			<filename>controllers/ckfields.php</filename>
			<filename>controllers/ckdata.php</filename>
			<filename>controllers/cktools.php</filename>
			<filename>css/index.html</filename>
			<filename>css/ckforms.css</filename>
			<filename>css/ckforms_min.css</filename>
			<filename>css/mootabs.css</filename>
			<filename>elements/index.html</filename>
			<filename>elements/ckforms.php</filename>
			<filename>elements/ckprofiles.php</filename>			
			<filename>images/logo-menu.png</filename>
			<filename>images/logo-banner.png</filename>
			<filename>images/help.png</filename>
			<filename>images/find.png</filename>
			<filename>images/stop.png</filename>
			<filename>js/ckforms.js</filename>
			<filename>js/index.html</filename>
			<filename>js/mootabs.js</filename>
			<filename>models/index.html</filename>
			<filename>models/ckdata.php</filename>
			<filename>models/ckfield.php</filename>
			<filename>models/ckform.php</filename>
			<filename>models/ckforms.php</filename>
			<filename>models/ckfields.php</filename>
			<filename>models/cktools.php</filename>
			<filename>tables/ckform.php</filename>
			<filename>tables/ckfield.php</filename>
			<filename>tables/ckprofile.php</filename>
			<filename>tables/ckprofilefield.php</filename>
			<filename>tables/index.html</filename>
			<filename>views/ckdata/index.html</filename>
			<filename>views/ckdata/view.html.php</filename>
			<filename>views/ckdata/tmpl/default.php</filename>
			<filename>views/ckdata/tmpl/detail.php</filename>
			<filename>views/ckdata/tmpl/index.html</filename>
			<filename>views/ckfield/view.html.php</filename>
			<filename>views/ckfield/index.html</filename>
			<filename>views/ckfield/tmpl/ckfield_tpl.php</filename>
			<filename>views/ckfield/tmpl/index.html</filename>
			<filename>views/ckfields/view.html.php</filename>
			<filename>views/ckfields/index.html</filename>
			<filename>views/ckfields/tmpl/default.php</filename>
			<filename>views/ckfields/tmpl/index.html</filename>
			<filename>views/ckform/view.html.php</filename>
			<filename>views/ckform/index.html</filename>
			<filename>views/ckform/tmpl/form.php</filename>
			<filename>views/ckform/tmpl/index.html</filename>
			<filename>views/ckforms/view.html.php</filename>
			<filename>views/ckforms/index.html</filename>
			<filename>views/ckforms/tmpl/default.php</filename>
			<filename>views/ckforms/tmpl/index.html</filename>
			<filename>views/cktools/index.html</filename>
			<filename>views/cktools/view.html.php</filename>
			<filename>views/cktools/tmpl/css.php</filename>
			<filename>views/cktools/tmpl/backup.php</filename>
			<filename>views/cktools/tmpl/restore.php</filename>
			<filename>views/cktools/tmpl/index.html</filename>
		</files>
	</administration>
</install>
